,YEAR,TOTSAL
0,1985,29085.944542063564
1,1987,31689.588843100417
2,1989,35643.49818004643
3,1991,37521.144777140136
4,1993,39186.71585274646
5,1995,42040.66613896218
6,1997,44868.36195482866
7,1999,52306.243147971036
8,2001,60260.26195506621
9,2003,61467.47262210124
10,2005,60422.66247573264
11,2007,66732.11148788927
12,2009,67468.5015776699
13,2011,69584.90073012328
14,2013,70271.95267305127
